INSERT INTO categories
(category_id, category_name)
VALUES
(25, 'Deli');
INSERT INTO categories
(category_id, category_name)
VALUES
(50, 'Produce');
INSERT INTO categories
(category_id, category_name)
VALUES
(75, 'Bakery');
INSERT INTO categories
(category_id, category_name)
VALUES
(100, 'General Merchandise');
INSERT INTO categories
(category_id, category_name)
VALUES
(125, 'Technology');
INSERT INTO customers
(customer_id, last_name, first_name, favorite_website)
VALUES
(4000, 'Jackson', 'Joe', 'techonthenet.com');
INSERT INTO customers
(customer_id, last_name, first_name, favorite_website)
VALUES
(5000, 'Smith', 'Jane', 'digminecraft.com');
INSERT INTO customers
(customer_id, last_name, first_name, favorite_website)
VALUES
(6000, 'Ferguson', 'Samantha', 'bigactivities.com');
INSERT INTO customers
(customer_id, last_name, first_name, favorite_website)
VALUES
(7000, 'Reynolds', 'Allen', 'checkyourmath.com');
INSERT INTO customers
(customer_id, last_name, first_name, favorite_website)
VALUES
(8000, 'Anderson', 'Paige', NULL);
INSERT INTO customers
(customer_id, last_name, first_name, favorite_website)
VALUES
(9000, 'Johnson', 'Derek', 'techonthenet.com');
INSERT INTO departments
(dept_id, dept_name)
VALUES
(500, 'Accounting');
INSERT INTO departments
(dept_id, dept_name)
VALUES
(501, 'Sales');
INSERT INTO employees
(employee_number, last_name, first_name, salary, dept_id)
VALUES
(1001, 'Smith', 'John', 62000, 500);
INSERT INTO employees
(employee_number, last_name, first_name, salary, dept_id)
VALUES
(1002, 'Anderson', 'Jane', 57500, 500);
INSERT INTO employees
(employee_number, last_name, first_name, salary, dept_id)
VALUES
(1003, 'Everest', 'Brad', 71000, 501);
INSERT INTO employees
(employee_number, last_name, first_name, salary, dept_id)
VALUES
(1004, 'Horvath', 'Jack', 42000, 501);
INSERT INTO orders
(order_id, customer_id, order_date)
VALUES
(1,7000,'2016/04/18');
INSERT INTO orders
(order_id, customer_id, order_date)
VALUES
(2,5000,'2016/04/18');
INSERT INTO orders
(order_id, customer_id, order_date)
VALUES
(3,8000,'2016/04/19');
INSERT INTO orders
(order_id, customer_id, order_date)
VALUES
(4,4000,'2016/04/20');
INSERT INTO orders
(order_id, customer_id, order_date)
VALUES
(5,null,'2016/05/01');
INSERT INTO products
(product_id, product_name, category_id)
VALUES
(1,'Pear',50);
INSERT INTO products
(product_id, product_name, category_id)
VALUES
(2,'Banana',50);
INSERT INTO products
(product_id, product_name, category_id)
VALUES
(3,'Orange',50);
INSERT INTO products
(product_id, product_name, category_id)
VALUES
(4,'Apple',50);
INSERT INTO products
(product_id, product_name, category_id)
VALUES
(5,'Bread',75);
INSERT INTO products
(product_id, product_name, category_id)
VALUES
(6,'Sliced Ham',25);
INSERT INTO products
(product_id, product_name, category_id)
VALUES
(7,'Kleenex',null);
INSERT INTO suppliers
(supplier_id, supplier_name, city, state)
VALUES
(100, 'Microsoft', 'Redmond', 'Washington');
INSERT INTO suppliers
(supplier_id, supplier_name, city, state)
VALUES
(200, 'Google', 'Mountain View', 'California');
INSERT INTO suppliers
(supplier_id, supplier_name, city, state)
VALUES
(300, 'Oracle', 'Redwood City', 'California');
INSERT INTO suppliers
(supplier_id, supplier_name, city, state)
VALUES
(400, 'Kimberly-Clark', 'Irving', 'Texas');
INSERT INTO suppliers
(supplier_id, supplier_name, city, state)
VALUES
(500, 'Tyson Foods', 'Springdale', 'Arkansas');
INSERT INTO suppliers
(supplier_id, supplier_name, city, state)
VALUES
(600, 'SC Johnson', 'Racine', 'Wisconsin');
INSERT INTO suppliers
(supplier_id, supplier_name, city, state)
VALUES
(700, 'Dole Food Company', 'Westlake Village', 'California');
INSERT INTO suppliers
(supplier_id, supplier_name, city, state)
VALUES
(800, 'Flowers Foods', 'Thomasville', 'Georgia');
INSERT INTO suppliers
(supplier_id, supplier_name, city, state)
VALUES
(900, 'Electronic Arts', 'Redwood City', 'California');